z_m,z_f_over_ustar,u_m_s,v_m_s,w_m_s,scalar_kg_m3,phi_m,phi_c,resolved_u_variance_over_ustar2,resolved_v_variance_over_ustar2,resolved_w_variance_over_ustar2,sgs_component_variance_over_ustar2,total_u_variance_over_ustar2,total_v_variance_over_ustar2,total_w_variance_over_ustar2,resolved_tke_over_ustar2,sgs_tke_over_ustar2,total_tke_over_ustar2,resolved_tke_sgs_transfer_m2_s3,resolved_tke_sgs_transfer_over_f_ustar2,resolved_uw_over_ustar2,resolved_vw_over_ustar2,sgs_uw_over_ustar2,sgs_vw_over_ustar2,total_uw_over_ustar2,total_vw_over_ustar2,resolved_scalar_variance_over_cstar2,sgs_scalar_variance_over_cstar2,total_scalar_variance_over_cstar2,resolved_wc_over_ustar_cstar,sgs_wc_over_ustar_cstar,total_wc_over_ustar_cstar,momentum_diffusivity_m2_s,scalar_diffusivity_m2_s,momentum_lasd_coefficient,scalar_lasd_coefficient
1.875000000000000000e+01,4.200832825357828787e-03,5.517572879791259766e+00,1.762823343276977539e+00,5.617500908883243937e-10,7.728639990091323853e-02,1.000000000000000000e+00,1.000000000000000000e+00,2.050011157989501953e+00,1.166166067123413086e+00,1.304187327623367310e-01,1.050455570220947266e+00,3.100466728210449219e+00,2.216621637344360352e+00,1.180874347686767578e+00,1.673297882080078125e+00,1.575683474540710449e+00,3.248981475830078125e+00,-4.755476955324411392e-03,-2.387054595947265625e+02,-1.911768764257431030e-01,-3.691131621599197388e-02,-7.016270756721496582e-01,-2.154028862714767456e-01,-8.928040266036987305e-01,-2.523142099380493164e-01,8.948248863220214844e+00,0.000000000000000000e+00,8.948248863220214844e+00,3.453506827354431152e-01,0.000000000000000000e+00,3.453506827354431152e-01,0.000000000000000000e+00,0.000000000000000000e+00,0.000000000000000000e+00,0.000000000000000000e+00
5.625000000000000000e+01,1.260249847607348810e-02,6.225726604461669922e+00,2.004792928695678711e+00,1.347313149935303045e-09,7.354457676410675049e-02,8.350782945135144519e-01,8.556844826546776694e-01,2.510586261749267578e+00,1.079559445381164551e+00,4.186400473117828369e-01,6.784680485725402832e-01,3.189054250717163086e+00,1.758027553558349609e+00,1.097108125686645508e+00,2.004392862319946289e+00,1.017702102661132812e+00,3.022094964981079102e+00,-2.440701238811016083e-03,-1.225131988525390625e+02,-5.279819965362548828e-01,-1.012441888451576233e-01,-4.108635485172271729e-01,-9.958431124687194824e-02,-9.388455152511596680e-01,-2.008285075426101685e-01,7.591593265533447266e+00,0.000000000000000000e+00,7.591593265533447266e+00,7.883091568946838379e-01,0.000000000000000000e+00,7.883091568946838379e-01,0.000000000000000000e+00,0.000000000000000000e+00,0.000000000000000000e+00,0.000000000000000000e+00
9.375000000000000000e+01,2.100416412678914393e-02,6.716044902801513672e+00,2.090384483337402344e+00,1.800557036801819777e-09,7.089602202177047729e-02,1.052753271188195949e+00,1.051791738579252122e+00,2.633217334747314453e+00,1.088251113891601562e+00,4.175134003162384033e-01,5.642724633216857910e-01,3.197489738464355469e+00,1.652523398399353027e+00,9.817858338356018066e-01,2.069490909576416016e+00,8.464086651802062988e-01,2.915899515151977539e+00,-1.891022664494812489e-03,-9.492159271240234375e+01,-5.322740077972412109e-01,-6.280300766229629517e-02,-3.355077803134918213e-01,-5.493491142988204956e-02,-8.677817583084106445e-01,-1.177379190921783447e-01,7.230707645416259766e+00,0.000000000000000000e+00,7.230707645416259766e+00,7.947841882705688477e-01,0.000000000000000000e+00,7.947841882705688477e-01,0.000000000000000000e+00,0.000000000000000000e+00,0.000000000000000000e+00,0.000000000000000000e+00
1.312500000000000000e+02,2.940582977750480498e-02,7.155012130737304688e+00,2.144791603088378906e+00,1.749999589684136936e-09,6.883161514997482300e-02,1.285620562489000918e+00,1.193064669600824024e+00,2.715907096862792969e+00,1.097077727317810059e+00,4.341745674610137939e-01,4.837227165699005127e-01,3.199630022048950195e+00,1.580800533294677734e+00,9.178972840309143066e-01,2.123579502105712891e+00,7.255840301513671875e-01,2.849163770675659180e+00,-1.507540349848568439e-03,-7.567234802246093750e+01,-5.550645589828491211e-01,-4.170558974146842957e-02,-2.727696001529693604e-01,-2.449315227568149567e-02,-8.278341293334960938e-01,-6.619874387979507446e-02,5.733678340911865234e+00,0.000000000000000000e+00,5.733678340911865234e+00,7.967169880867004395e-01,0.000000000000000000e+00,7.967169880867004395e-01,0.000000000000000000e+00,0.000000000000000000e+00,0.000000000000000000e+00,0.000000000000000000e+00
1.687500000000000000e+02,3.780749542822046255e-02,7.533206462860107422e+00,2.155458450317382812e+00,1.659527959496642779e-09,6.707745790481567383e-02,1.423591649822330885e+00,1.302944978569377410e+00,2.661115407943725586e+00,1.091519236564636230e+00,4.571854770183563232e-01,4.094051420688629150e-01,3.070520401000976562e+00,1.500924348831176758e+00,8.665906190872192383e-01,2.104910135269165039e+00,6.141077280044555664e-01,2.719017744064331055e+00,-1.197890029288828373e-03,-6.012916946411132812e+01,-5.575643181800842285e-01,-1.251940988004207611e-02,-2.265995740890502930e-01,-3.040902316570281982e-03,-7.841638326644897461e-01,-1.556031312793493271e-02,5.444614887237548828e+00,0.000000000000000000e+00,5.444614887237548828e+00,7.962040901184082031e-01,0.000000000000000000e+00,7.962040901184082031e-01,0.000000000000000000e+00,0.000000000000000000e+00,0.000000000000000000e+00,0.000000000000000000e+00
2.062500000000000000e+02,4.620916107893612013e-02,7.860937118530273438e+00,2.134053707122802734e+00,1.459958709482123140e-09,6.558808684349060059e-02,1.518705520206301562e+00,1.377216203064220545e+00,2.576972961425781250e+00,1.094546079635620117e+00,4.770530164241790771e-01,3.563843667507171631e-01,2.933357238769531250e+00,1.450930356979370117e+00,8.334373831748962402e-01,2.074286222457885742e+00,5.345765352249145508e-01,2.608862638473510742e+00,-9.880079887807369232e-04,-4.959395217895507812e+01,-5.520249009132385254e-01,1.497127022594213486e-02,-1.911876946687698364e-01,1.079153176397085190e-02,-7.432126402854919434e-01,2.576280198991298676e-02,5.064486980438232422e+00,0.000000000000000000e+00,5.064486980438232422e+00,7.807088494300842285e-01,0.000000000000000000e+00,7.807088494300842285e-01,0.000000000000000000e+00,0.000000000000000000e+00,0.000000000000000000e+00,0.000000000000000000e+00
2.437500000000000000e+02,5.461082672965177770e-02,8.146576881408691406e+00,2.096103429794311523e+00,1.341695643475304678e-09,6.427238881587982178e-02,1.580160625886676939e+00,1.442264556136628073e+00,2.451571464538574219e+00,1.088578820228576660e+00,4.930757582187652588e-01,3.096104264259338379e-01,2.761181831359863281e+00,1.398189187049865723e+00,8.026861548423767090e-01,2.016613006591796875e+00,4.644156098365783691e-01,2.481028556823730469e+00,-8.163113379850983620e-04,-4.097548294067382812e+01,-5.366857051849365234e-01,4.260116815567016602e-02,-1.625673472881317139e-01,1.911597326397895813e-02,-6.992530822753906250e-01,6.171714514493942261e-02,5.222503662109375000e+00,0.000000000000000000e+00,5.222503662109375000e+00,7.705892324447631836e-01,0.000000000000000000e+00,7.705892324447631836e-01,0.000000000000000000e+00,0.000000000000000000e+00,0.000000000000000000e+00,0.000000000000000000e+00
2.812500000000000000e+02,6.301249238036743527e-02,8.396536827087402344e+00,2.047614336013793945e+00,1.480358946537307929e-09,6.310246139764785767e-02,1.612023294456773836e+00,1.496883251745494858e+00,2.313947677612304688e+00,1.076300978660583496e+00,5.037756562232971191e-01,2.778252661228179932e-01,2.591772794723510742e+00,1.354126095771789551e+00,7.816008925437927246e-01,1.947012305259704590e+00,4.167378544807434082e-01,2.363750219345092773e+00,-7.055909372866153717e-04,-3.541777420043945312e+01,-5.224227309226989746e-01,7.005646079778671265e-02,-1.400070637464523315e-01,2.376115694642066956e-02,-6.624298095703125000e-01,9.381761401891708374e-02,4.654047966003417969e+00,0.000000000000000000e+00,4.654047966003417969e+00,7.514227628707885742e-01,0.000000000000000000e+00,7.514227628707885742e-01,0.000000000000000000e+00,0.000000000000000000e+00,0.000000000000000000e+00,0.000000000000000000e+00
3.187500000000000000e+02,7.141415803108308591e-02,8.615045547485351562e+00,1.993030667304992676e+00,1.418566819566535742e-09,6.203659996390342712e-02,1.628225671082544013e+00,1.554817628324129508e+00,2.188658475875854492e+00,1.064707279205322266e+00,5.119793415069580078e-01,2.481174021959304810e-01,2.436775922775268555e+00,1.312824606895446777e+00,7.600967288017272949e-01,1.882672548294067383e+00,3.721760809421539307e-01,2.254848718643188477e+00,-6.035677506588399410e-04,-3.029662704467773438e+01,-5.068436861038208008e-01,9.318734705448150635e-02,-1.213105767965316772e-01,2.658914588391780853e-02,-6.281542778015136719e-01,1.197764948010444641e-01,4.380976200103759766e+00,0.000000000000000000e+00,4.380976200103759766e+00,7.308491468429565430e-01,0.000000000000000000e+00,7.308491468429565430e-01,0.000000000000000000e+00,0.000000000000000000e+00,0.000000000000000000e+00,0.000000000000000000e+00
3.562500000000000000e+02,7.981582368179875042e-02,8.809274673461914062e+00,1.936259627342224121e+00,1.313607889130707918e-09,6.105335429310798645e-02,1.631665063371781299e+00,1.578658073653984584e+00,2.060166597366333008e+00,1.049743533134460449e+00,5.197446346282958984e-01,2.241249978542327881e-01,2.284291744232177734e+00,1.273868441581726074e+00,7.438696622848510742e-01,1.814827322959899902e+00,3.361874818801879883e-01,2.151014804840087891e+00,-5.266835796646773815e-04,-2.643735694885253906e+01,-4.868802130222320557e-01,1.136084273457527161e-01,-1.050636395812034607e-01,2.895609475672245026e-02,-5.919438600540161133e-01,1.425645202398300171e-01,4.354437351226806641e+00,0.000000000000000000e+00,4.354437351226806641e+00,7.113471031188964844e-01,0.000000000000000000e+00,7.113471031188964844e-01,0.000000000000000000e+00,0.000000000000000000e+00,0.000000000000000000e+00,0.000000000000000000e+00
3.937500000000000000e+02,8.821748933251440106e-02,8.979642868041992188e+00,1.874748349189758301e+00,1.239397806607200891e-09,6.017507612705230713e-02,1.641225703520584389e+00,1.587357441820328230e+00,1.959582209587097168e+00,1.039929866790771484e+00,5.244044661521911621e-01,2.014266997575759888e-01,2.161008834838867188e+00,1.241356492042541504e+00,7.258312106132507324e-01,1.761958241462707520e+00,3.021400272846221924e-01,2.064098119735717773e+00,-4.542517999652773142e-04,-2.280157852172851562e+01,-4.671731889247894287e-01,1.292608380317687988e-01,-9.077879786491394043e-02,3.100520372390747070e-02,-5.579519867897033691e-01,1.602660566568374634e-01,4.081945896148681641e+00,0.000000000000000000e+00,4.081945896148681641e+00,6.925449371337890625e-01,0.000000000000000000e+00,6.925449371337890625e-01,0.000000000000000000e+00,0.000000000000000000e+00,0.000000000000000000e+00,0.000000000000000000e+00
4.312500000000000000e+02,9.661915498323006557e-02,9.134036064147949219e+00,1.808929324150085449e+00,1.455228604285707661e-09,5.935983732342720032e-02,1.676161413757288443e+00,1.619877264607935130e+00,1.863273262977600098e+00,1.043034791946411133e+00,5.251331329345703125e-01,1.869090795516967773e-01,2.050182342529296875e+00,1.229943871498107910e+00,7.120422124862670898e-01,1.715720653533935547e+00,2.803635895252227783e-01,1.996084213256835938e+00,-4.117026110179722309e-04,-2.066578483581542969e+01,-4.453270435333251953e-01,1.442699283361434937e-01,-8.011241257190704346e-02,3.208857774734497070e-02,-5.254394412040710449e-01,1.763585060834884644e-01,3.832846164703369141e+00,0.000000000000000000e+00,3.832846164703369141e+00,6.695844531059265137e-01,0.000000000000000000e+00,6.695844531059265137e-01,0.000000000000000000e+00,0.000000000000000000e+00,0.000000000000000000e+00,0.000000000000000000e+00
4.687500000000000000e+02,1.050208206339457162e-01,9.277009010314941406e+00,1.742919802665710449e+00,1.377470026930893710e-09,5.859714373946189880e-02,1.709128157627563871e+00,1.647773278513487094e+00,1.752487182617187500e+00,1.035714387893676758e+00,5.225514173507690430e-01,1.744137406349182129e-01,1.926900982856750488e+00,1.210128068923950195e+00,6.969651579856872559e-01,1.655376553535461426e+00,2.616205811500549316e-01,1.916997075080871582e+00,-3.742211265489459038e-04,-1.878436660766601562e+01,-4.200548231601715088e-01,1.552715301513671875e-01,-7.243178039789199829e-02,3.209361061453819275e-02,-4.924865961074829102e-01,1.873651295900344849e-01,3.751299619674682617e+00,0.000000000000000000e+00,3.751299619674682617e+00,6.463042497634887695e-01,0.000000000000000000e+00,6.463042497634887695e-01,0.000000000000000000e+00,0.000000000000000000e+00,0.000000000000000000e+00,0.000000000000000000e+00
5.062500000000000000e+02,1.134224862846613807e-01,9.408505439758300781e+00,1.675596833229064941e+00,1.417383987956100100e-09,5.788313969969749451e-02,1.732103795455115280e+00,1.671772894456374781e+00,1.647553682327270508e+00,1.025612592697143555e+00,5.173116922378540039e-01,1.628886908292770386e-01,1.810442328453063965e+00,1.188501238822937012e+00,6.802003383636474609e-01,1.595239162445068359e+00,2.443330138921737671e-01,1.839572191238403320e+00,-3.413211379665881395e-04,-1.713292312622070312e+01,-3.976183235645294189e-01,1.659641563892364502e-01,-6.566742062568664551e-02,3.157174959778785706e-02,-4.632857739925384521e-01,1.975359022617340088e-01,3.437513351440429688e+00,0.000000000000000000e+00,3.437513351440429688e+00,6.242584586143493652e-01,0.000000000000000000e+00,6.242584586143493652e-01,0.000000000000000000e+00,0.000000000000000000e+00,0.000000000000000000e+00,0.000000000000000000e+00
5.437500000000000000e+02,1.218241519353770314e-01,9.529583930969238281e+00,1.608033776283264160e+00,1.341104338692389319e-09,5.720991641283035278e-02,1.754468804571871487e+00,1.685059506105719862e+00,1.535872817039489746e+00,1.004087567329406738e+00,5.104330778121948242e-01,1.530883163213729858e-01,1.688961148262023926e+00,1.157175779342651367e+00,6.635214090347290039e-01,1.525196790695190430e+00,2.296324670314788818e-01,1.754829168319702148e+00,-3.139037580695003271e-04,-1.575668239593505859e+01,-3.745827674865722656e-01,1.734353899955749512e-01,-5.978285148739814758e-02,3.060962446033954620e-02,-4.343656301498413086e-01,2.040450125932693481e-01,3.378383159637451172e+00,0.000000000000000000e+00,3.378383159637451172e+00,6.002975702285766602e-01,0.000000000000000000e+00,6.002975702285766602e-01,0.000000000000000000e+00,0.000000000000000000e+00,0.000000000000000000e+00,0.000000000000000000e+00
5.812500000000000000e+02,1.302258175860926959e-01,9.643170356750488281e+00,1.541996359825134277e+00,1.194458087994121342e-09,5.658131837844848633e-02,1.760704542869504730e+00,1.666809809820037014e+00,1.415605425834655762e+00,9.807173609733581543e-01,5.013379454612731934e-01,1.409817636013031006e-01,1.556587100028991699e+00,1.121699094772338867e+00,6.423196792602539062e-01,1.448830366134643555e+00,2.114726454019546509e-01,1.660302996635437012e+00,-2.802424714900553226e-04,-1.406702423095703125e+01,-3.521495759487152100e-01,1.809077113866806030e-01,-5.438509583473205566e-02,2.891348116099834442e-02,-4.065346717834472656e-01,2.098211944103240967e-01,3.120698213577270508e+00,0.000000000000000000e+00,3.120698213577270508e+00,5.774979591369628906e-01,0.000000000000000000e+00,5.774979591369628906e-01,0.000000000000000000e+00,0.000000000000000000e+00,0.000000000000000000e+00,0.000000000000000000e+00
6.187500000000000000e+02,1.386274832368083743e-01,9.750148773193359375e+00,1.483065128326416016e+00,1.062594567891039787e-09,5.600527301430702209e-02,1.749188500403917379e+00,1.628785174287482374e+00,1.306856632232666016e+00,9.516423940658569336e-01,4.894834160804748535e-01,1.308304518461227417e-01,1.437687158584594727e+00,1.082472801208496094e+00,6.203138828277587891e-01,1.373991250991821289e+00,1.962456703186035156e-01,1.570236921310424805e+00,-2.535079256631433964e-04,-1.272505950927734375e+01,-3.305698037147521973e-01,1.875826269388198853e-01,-4.951945319771766663e-02,2.666108496487140656e-02,-3.800892531871795654e-01,2.142437100410461426e-01,2.948097229003906250e+00,0.000000000000000000e+00,2.948097229003906250e+00,5.534625649452209473e-01,0.000000000000000000e+00,5.534625649452209473e-01,0.000000000000000000e+00,0.000000000000000000e+00,0.000000000000000000e+00,0.000000000000000000e+00
6.562500000000000000e+02,1.470291488875240249e-01,9.852052688598632812e+00,1.430906414985656738e+00,1.182927089615759542e-09,5.547549948096275330e-02,1.736271436757569786e+00,1.630085002676220585e+00,1.210162639617919922e+00,9.229227900505065918e-01,4.765604734420776367e-01,1.198285222053527832e-01,1.329991221427917480e+00,1.042751312255859375e+00,5.963889956474304199e-01,1.304822921752929688e+00,1.797427833080291748e-01,1.484565734863281250e+00,-2.249916724395006895e-04,-1.129366016387939453e+01,-3.101194500923156738e-01,1.913798302412033081e-01,-4.474819079041481018e-02,2.455155923962593079e-02,-3.548676669597625732e-01,2.159314006567001343e-01,2.839542627334594727e+00,0.000000000000000000e+00,2.839542627334594727e+00,5.284132361412048340e-01,0.000000000000000000e+00,5.284132361412048340e-01,0.000000000000000000e+00,0.000000000000000000e+00,0.000000000000000000e+00,0.000000000000000000e+00
6.937500000000000000e+02,1.554308145382396755e-01,9.946207046508789062e+00,1.380168795585632324e+00,8.384857252963229257e-10,5.496181175112724304e-02,1.712197779917364437e+00,1.667740251563847975e+00,1.121107816696166992e+00,8.904250860214233398e-01,4.626421034336090088e-01,1.102780476212501526e-01,1.231385827064514160e+00,1.000703096389770508e+00,5.729201436042785645e-01,1.237087488174438477e+00,1.654170751571655273e-01,1.402504563331604004e+00,-2.011671604122966528e-04,-1.009776687622070312e+01,-2.907903194427490234e-01,1.919279992580413818e-01,-3.975105285644531250e-02,2.323043905198574066e-02,-3.305413722991943359e-01,2.151584327220916748e-01,2.725422143936157227e+00,0.000000000000000000e+00,2.725422143936157227e+00,5.074226260185241699e-01,0.000000000000000000e+00,5.074226260185241699e-01,0.000000000000000000e+00,0.000000000000000000e+00,0.000000000000000000e+00,0.000000000000000000e+00
7.312500000000000000e+02,1.638324801889553539e-01,1.003274917602539062e+01,1.330855011940002441e+00,9.940016587606237408e-10,5.446564033627510071e-02,1.697566278298512810e+00,1.675928106027927189e+00,1.047196269035339355e+00,8.515703678131103516e-01,4.478559792041778564e-01,1.027338877320289612e-01,1.149930119514465332e+00,9.543042182922363281e-01,5.505898594856262207e-01,1.173311233520507812e+00,1.541008353233337402e-01,1.327412128448486328e+00,-1.831695408327504992e-04,-9.194360733032226562e+00,-2.719327807426452637e-01,1.928599774837493896e-01,-3.485998138785362244e-02,2.234600111842155457e-02,-3.067927658557891846e-01,2.152059823274612427e-01,2.487714529037475586e+00,0.000000000000000000e+00,2.487714529037475586e+00,4.815451502799987793e-01,0.000000000000000000e+00,4.815451502799987793e-01,0.000000000000000000e+00,0.000000000000000000e+00,0.000000000000000000e+00,0.000000000000000000e+00
7.687500000000000000e+02,1.722341458396709768e-01,1.011234092712402344e+01,1.279450178146362305e+00,9.534966149971069171e-10,5.399903655052185059e-02,1.667058128949537199e+00,1.659177840758955247e+00,9.853500723838806152e-01,8.217314481735229492e-01,4.329643249511718750e-01,9.288561344146728516e-02,1.078235626220703125e+00,9.146170616149902344e-01,5.258499383926391602e-01,1.120023012161254883e+00,1.393284201622009277e-01,1.259351491928100586e+00,-1.607735321158543229e-04,-8.070172309875488281e+00,-2.553221583366394043e-01,1.929519325494766235e-01,-2.997848950326442719e-02,2.125548943877220154e-02,-2.853006422519683838e-01,2.142074257135391235e-01,2.413589000701904297e+00,0.000000000000000000e+00,2.413589000701904297e+00,4.602789580821990967e-01,0.000000000000000000e+00,4.602789580821990967e-01,0.000000000000000000e+00,0.000000000000000000e+00,0.000000000000000000e+00,0.000000000000000000e+00
8.062500000000000000e+02,1.806358114903866552e-01,1.018309879302978516e+01,1.229215502738952637e+00,7.385533296044854978e-10,5.355898290872573853e-02,1.563659585867261059e+00,1.655173664684176371e+00,9.208279848098754883e-01,7.956569790840148926e-01,4.172508418560028076e-01,8.512995392084121704e-02,1.005957961082458496e+00,8.807869553565979004e-01,5.023807883262634277e-01,1.066867947578430176e+00,1.276949197053909302e-01,1.194562792778015137e+00,-1.435883023077622056e-04,-7.207544326782226562e+00,-2.393848598003387451e-01,1.904792934656143188e-01,-2.506136335432529449e-02,1.958276517689228058e-02,-2.644462287425994873e-01,2.100620716810226440e-01,2.223119974136352539e+00,0.000000000000000000e+00,2.223119974136352539e+00,4.376209080219268799e-01,0.000000000000000000e+00,4.376209080219268799e-01,0.000000000000000000e+00,0.000000000000000000e+00,0.000000000000000000e+00,0.000000000000000000e+00
8.437500000000000000e+02,1.890374771411023058e-01,1.024190902709960938e+01,1.181695580482482910e+00,6.646388994724361510e-10,5.313663557171821594e-02,1.454836107585234739e+00,1.605085626004871591e+00,8.645792603492736816e-01,7.744498848915100098e-01,4.002940058708190918e-01,7.703289389610290527e-02,9.416121244430541992e-01,8.514827489852905273e-01,4.773268997669219971e-01,1.019661545753479004e+00,1.155493333935737610e-01,1.135210871696472168e+00,-1.267145416932180524e-04,-6.360550880432128906e+00,-2.227041572332382202e-01,1.869497597217559814e-01,-2.059484645724296570e-02,1.747528836131095886e-02,-2.432990074157714844e-01,2.044250518083572388e-01,2.051803827285766602e+00,0.000000000000000000e+00,2.051803827285766602e+00,4.128576517105102539e-01,0.000000000000000000e+00,4.128576517105102539e-01,0.000000000000000000e+00,0.000000000000000000e+00,0.000000000000000000e+00,0.000000000000000000e+00
8.812500000000000000e+02,1.974391427918179842e-01,1.029325103759765625e+01,1.136000275611877441e+00,3.748942267733923472e-10,5.275984853506088257e-02,1.358246564843331727e+00,1.492897404038934228e+00,8.068627119064331055e-01,7.425216436386108398e-01,3.826948404312133789e-01,7.001225650310516357e-02,8.768749237060546875e-01,8.125338554382324219e-01,4.527070820331573486e-01,9.660395383834838867e-01,1.050183847546577454e-01,1.071057915687561035e+00,-1.133170662797056139e-04,-5.688052177429199219e+00,-2.065851986408233643e-01,1.827208250761032104e-01,-1.723724603652954102e-02,1.579712145030498505e-02,-2.238224446773529053e-01,1.985179632902145386e-01,1.925081968307495117e+00,0.000000000000000000e+00,1.925081968307495117e+00,3.888686597347259521e-01,0.000000000000000000e+00,3.888686597347259521e-01,0.000000000000000000e+00,0.000000000000000000e+00,0.000000000000000000e+00,0.000000000000000000e+00
9.187500000000000000e+02,2.058408084425336071e-01,1.033534145355224609e+01,1.092768192291259766e+00,5.020269200350924166e-10,5.242498591542243958e-02,1.264739936533907150e+00,1.393557368194072721e+00,7.533246874809265137e-01,7.054497599601745605e-01,3.660343587398529053e-01,6.433792412281036377e-02,8.176625967025756836e-01,7.697877287864685059e-01,4.303722977638244629e-01,9.124043583869934082e-01,9.650688618421554565e-02,1.008911252021789551e+00,-1.018657130771316588e-04,-5.113241195678710938e+00,-1.902536302804946899e-01,1.768641769886016846e-01,-1.486237999051809311e-02,1.481867581605911255e-02,-2.051160186529159546e-01,1.916828453540802002e-01,1.824241042137145996e+00,0.000000000000000000e+00,1.824241042137145996e+00,3.661269843578338623e-01,0.000000000000000000e+00,3.661269843578338623e-01,0.000000000000000000e+00,0.000000000000000000e+00,0.000000000000000000e+00,0.000000000000000000e+00
9.562500000000000000e+02,2.142424740932492855e-01,1.037225437164306641e+01,1.052151322364807129e+00,6.587256851098288735e-10,5.212266743183135986e-02,1.251519287782217438e+00,1.358827728758582598e+00,7.029768228530883789e-01,6.699759960174560547e-01,3.500356972217559814e-01,6.043668091297149658e-02,7.634135484695434570e-01,7.304127216339111328e-01,4.104723632335662842e-01,8.614943027496337891e-01,9.065501391887664795e-02,9.521492719650268555e-01,-9.446294279769062996e-05,-4.741652488708496094e+00,-1.742935031652450562e-01,1.710482686758041382e-01,-1.316954288631677628e-02,1.406679861247539520e-02,-1.874630451202392578e-01,1.851150691509246826e-01,1.642525792121887207e+00,0.000000000000000000e+00,1.642525792121887207e+00,3.430276513099670410e-01,0.000000000000000000e+00,3.430276513099670410e-01,0.000000000000000000e+00,0.000000000000000000e+00,0.000000000000000000e+00,0.000000000000000000e+00
9.937500000000000000e+02,2.226441397439649361e-01,1.040840816497802734e+01,1.011171102523803711e+00,5.830372296067309890e-10,5.182804912328720093e-02,1.265741935220512149e+00,1.380460406442516552e+00,6.492905616760253906e-01,6.320005655288696289e-01,3.346117734909057617e-01,5.608729645609855652e-02,7.053778171539306641e-01,6.880878806114196777e-01,3.906990587711334229e-01,8.079514503479003906e-01,8.413094282150268555e-02,8.920823931694030762e-01,-8.633489778731018305e-05,-4.333658218383789062e+00,-1.589837819337844849e-01,1.627599745988845825e-01,-1.169181056320667267e-02,1.318279281258583069e-02,-1.706755906343460083e-01,1.759427785873413086e-01,1.590369462966918945e+00,0.000000000000000000e+00,1.590369462966918945e+00,3.192742466926574707e-01,0.000000000000000000e+00,3.192742466926574707e-01,0.000000000000000000e+00,0.000000000000000000e+00,0.000000000000000000e+00,0.000000000000000000e+00
1.031250000000000000e+03,2.310458053946806145e-01,1.044313335418701172e+01,9.725361466407775879e-01,4.065295600153007172e-10,5.153911188244819641e-02,1.220525786455544104e+00,1.393741425199433559e+00,5.961909294128417969e-01,6.069672703742980957e-01,3.190986812114715576e-01,5.301203578710556030e-02,6.492030024528503418e-01,6.599792838096618652e-01,3.721106946468353271e-01,7.611284852027893066e-01,7.951804995536804199e-02,8.406465053558349609e-01,-8.057159720920026302e-05,-4.044363975524902344e+00,-1.447424143552780151e-01,1.540836393833160400e-01,-1.032250095158815384e-02,1.218164805322885513e-02,-1.550649106502532959e-01,1.662652790546417236e-01,1.437125921249389648e+00,0.000000000000000000e+00,1.437125921249389648e+00,2.952265739440917969e-01,0.000000000000000000e+00,2.952265739440917969e-01,0.000000000000000000e+00,0.000000000000000000e+00,0.000000000000000000e+00,0.000000000000000000e+00
1.068750000000000000e+03,2.394474710453962651e-01,1.047407817840576172e+01,9.370215535163879395e-01,2.986144942429547200e-10,5.126030370593070984e-02,1.181752457594692718e+00,1.378211996705674069e+00,5.466672778129577637e-01,5.796454548835754395e-01,3.019049167633056641e-01,4.922041296958923340e-02,5.958876609802246094e-01,6.288658976554870605e-01,3.511252999305725098e-01,7.141088247299194336e-01,7.383061945438385010e-02,7.879394292831420898e-01,-7.404496864182874560e-05,-3.716753959655761719e+00,-1.299252957105636597e-01,1.449828892946243286e-01,-9.450428187847137451e-03,1.133507490158081055e-02,-1.393757164478302002e-01,1.563179641962051392e-01,1.310507416725158691e+00,0.000000000000000000e+00,1.310507416725158691e+00,2.708826959133148193e-01,0.000000000000000000e+00,2.708826959133148193e-01,0.000000000000000000e+00,0.000000000000000000e+00,0.000000000000000000e+00,0.000000000000000000e+00
1.106250000000000000e+03,2.478491366961119158e-01,1.050369167327880859e+01,9.025656580924987793e-01,2.542658028570343731e-10,5.099739134311676025e-02,1.164412304854312463e+00,1.292023350558986428e+00,5.058546066284179688e-01,5.541635751724243164e-01,2.836942672729492188e-01,4.663880914449691772e-02,5.524933934211730957e-01,6.008023619651794434e-01,3.303330838680267334e-01,6.718562841415405273e-01,6.995820999145507812e-02,7.418144941329956055e-01,-7.018322503427043557e-05,-3.522910356521606445e+00,-1.156182512640953064e-01,1.349173784255981445e-01,-8.899475447833538055e-03,1.013831794261932373e-02,-1.245177313685417175e-01,1.450556963682174683e-01,1.220015645027160645e+00,0.000000000000000000e+00,1.220015645027160645e+00,2.479602843523025513e-01,0.000000000000000000e+00,2.479602843523025513e-01,0.000000000000000000e+00,0.000000000000000000e+00,0.000000000000000000e+00,0.000000000000000000e+00
1.143750000000000000e+03,2.562508023468275664e-01,1.053309535980224609e+01,8.716257810592651367e-01,3.009797133746161535e-10,5.076967552304267883e-02,1.123534977497977039e+00,1.194653991825449735e+00,4.656268656253814697e-01,5.298866033554077148e-01,2.649146616458892822e-01,4.288303852081298828e-02,5.085098743438720703e-01,5.727696418762207031e-01,3.077977001667022705e-01,6.302140355110168457e-01,6.432455778121948242e-02,6.945385932922363281e-01,-6.405865133274346590e-05,-3.215481758117675781e+00,-1.018348634243011475e-01,1.240240409970283508e-01,-8.372846990823745728e-03,8.744365535676479340e-03,-1.102077141404151917e-01,1.327684074640274048e-01,1.162707448005676270e+00,0.000000000000000000e+00,1.162707448005676270e+00,2.237037718296051025e-01,0.000000000000000000e+00,2.237037718296051025e-01,0.000000000000000000e+00,0.000000000000000000e+00,0.000000000000000000e+00,0.000000000000000000e+00
1.181250000000000000e+03,2.646524679975432170e-01,1.056170558929443359e+01,8.443178534507751465e-01,1.951342282202617184e-10,5.055861175060272217e-02,1.058239467614179308e+00,1.089012349395431345e+00,4.350979030132293701e-01,5.056104660034179688e-01,2.455174028873443604e-01,3.988457098603248596e-02,4.749824702739715576e-01,5.454950332641601562e-01,2.854019999504089355e-01,5.931128859519958496e-01,5.982685461640357971e-02,6.529397368431091309e-01,-5.932120257057249546e-05,-2.977681398391723633e+00,-9.005164355039596558e-02,1.131538450717926025e-01,-7.557651493698358536e-03,7.380262017250061035e-03,-9.760929644107818604e-02,1.205341070890426636e-01,1.044306635856628418e+00,0.000000000000000000e+00,1.044306635856628418e+00,1.999310702085494995e-01,0.000000000000000000e+00,1.999310702085494995e-01,0.000000000000000000e+00,0.000000000000000000e+00,0.000000000000000000e+00,0.000000000000000000e+00
1.218750000000000000e+03,2.730541336482589232e-01,1.059052753448486328e+01,8.234323263168334961e-01,1.404375227220810984e-11,5.038239434361457825e-02,9.985661252447267655e-01,9.717339285570290031e-01,4.049670994281768799e-01,4.814894795417785645e-01,2.264894694089889526e-01,3.930220752954483032e-02,4.442692995071411133e-01,5.207916498184204102e-01,2.657916545867919922e-01,5.564730167388916016e-01,5.895330756902694702e-02,6.154263019561767578e-01,-5.716799932997673750e-05,-2.869599342346191406e+00,-7.766007632017135620e-02,1.014048233628273010e-01,-6.433219648897647858e-03,6.181990727782249451e-03,-8.409329503774642944e-02,1.075868159532546997e-01,9.645214676856994629e-01,0.000000000000000000e+00,9.645214676856994629e-01,1.752403378486633301e-01,0.000000000000000000e+00,1.752403378486633301e-01,0.000000000000000000e+00,0.000000000000000000e+00,0.000000000000000000e+00,0.000000000000000000e+00
1.256250000000000000e+03,2.814557992989745738e-01,1.061616134643554688e+01,8.026487827301025391e-01,9.490620095364832309e-11,5.022367089986801147e-02,9.508258738975303714e-01,9.170777343855108787e-01,3.856725394725799561e-01,4.669437110424041748e-01,2.058301568031311035e-01,3.393083065748214722e-02,4.196033775806427002e-01,5.008745193481445312e-01,2.397609800100326538e-01,5.292232036590576172e-01,5.089624598622322083e-02,5.801194906234741211e-01,-5.043964483775198460e-05,-2.531863451004028320e+00,-6.682351231575012207e-02,8.871669322252273560e-02,-5.442268680781126022e-03,5.471243057399988174e-03,-7.226577401161193848e-02,9.418793022632598877e-02,8.755629658699035645e-01,0.000000000000000000e+00,8.755629658699035645e-01,1.530205160379409790e-01,0.000000000000000000e+00,1.530205160379409790e-01,0.000000000000000000e+00,0.000000000000000000e+00,0.000000000000000000e+00,0.000000000000000000e+00
1.293750000000000000e+03,2.898574649496902245e-01,1.063955307006835938e+01,7.833235859870910645e-01,3.429632272622384903e-11,5.007572844624519348e-02,8.324666525595539879e-01,8.282666237556298716e-01,3.699997365474700928e-01,4.450659751892089844e-01,1.837816834449768066e-01,3.174991905689239502e-02,4.017496407032012939e-01,4.768158793449401855e-01,2.155316025018692017e-01,4.994236826896667480e-01,4.762487858533859253e-02,5.470485687255859375e-01,-4.542522219708189368e-05,-2.280159950256347656e+00,-5.512899160385131836e-02,7.559742033481597900e-02,-4.572054836899042130e-03,4.905768204480409622e-03,-5.970104411244392395e-02,8.050318807363510132e-02,8.169084787368774414e-01,0.000000000000000000e+00,8.169084787368774414e-01,1.290086358785629272e-01,0.000000000000000000e+00,1.290086358785629272e-01,0.000000000000000000e+00,0.000000000000000000e+00,0.000000000000000000e+00,0.000000000000000000e+00
1.331250000000000000e+03,2.982591306004058196e-01,1.065730953216552734e+01,7.679123282432556152e-01,2.631355723592410101e-11,4.995473101735115051e-02,8.205751711277184945e-01,7.841920602748929658e-01,3.525331020355224609e-01,4.232228696346282959e-01,1.590551882982254028e-01,3.156295418739318848e-02,3.840960562229156494e-01,4.547858238220214844e-01,1.906181424856185913e-01,4.674055874347686768e-01,4.734443500638008118e-02,5.147500038146972656e-01,-4.342867759987711906e-05,-2.179941654205322266e+00,-4.456137865781784058e-02,6.189053878188133240e-02,-3.824289422482252121e-03,4.407652653753757477e-03,-4.838566854596138000e-02,6.629819422960281372e-02,7.398547530174255371e-01,0.000000000000000000e+00,7.398547530174255371e-01,1.047456488013267517e-01,0.000000000000000000e+00,1.047456488013267517e-01,0.000000000000000000e+00,0.000000000000000000e+00,0.000000000000000000e+00,0.000000000000000000e+00
1.368750000000000000e+03,3.066607962511214702e-01,1.067731285095214844e+01,7.481775879859924316e-01,1.073238442561574857e-10,4.982827231287956238e-02,7.917947088582902859e-01,6.996492544032335559e-01,3.283173739910125732e-01,4.021331369876861572e-01,1.320596784353256226e-01,3.454262763261795044e-02,3.628600239753723145e-01,4.366757571697235107e-01,1.666023135185241699e-01,4.312551021575927734e-01,5.181393772363662720e-02,4.830690622329711914e-01,-4.358352452982217073e-05,-2.187714338302612305e+00,-3.293948248028755188e-02,4.885580018162727356e-02,-3.582217730581760406e-03,3.968696575611829758e-03,-3.652170300483703613e-02,5.282449722290039062e-02,6.918249130249023438e-01,0.000000000000000000e+00,6.918249130249023438e-01,8.134025335311889648e-02,0.000000000000000000e+00,8.134025335311889648e-02,0.000000000000000000e+00,0.000000000000000000e+00,0.000000000000000000e+00,0.000000000000000000e+00
1.406250000000000000e+03,3.150624619018371764e-01,1.069387245178222656e+01,7.361806035041809082e-01,3.607026483054553978e-11,4.974000155925750732e-02,7.834454181542325202e-01,5.472846373421669242e-01,3.129384219646453857e-01,3.905855119228363037e-01,9.935419261455535889e-02,2.914195507764816284e-02,3.420803844928741455e-01,4.197274446487426758e-01,1.284961551427841187e-01,4.014390707015991211e-01,4.371292889118194580e-02,4.451519846916198730e-01,-3.662350354716181755e-05,-1.838349819183349609e+00,-2.220306172966957092e-02,3.378796204924583435e-02,-3.438558429479598999e-03,3.347491379827260971e-03,-2.564162015914916992e-02,3.713545575737953186e-02,6.386771798133850098e-01,0.000000000000000000e+00,6.386771798133850098e-01,5.807326734066009521e-02,0.000000000000000000e+00,5.807326734066009521e-02,0.000000000000000000e+00,0.000000000000000000e+00,0.000000000000000000e+00,0.000000000000000000e+00
1.443750000000000000e+03,3.234641275525528270e-01,1.071522617340087891e+01,7.210406064987182617e-01,-2.409610531939332390e-11,4.966478422284126282e-02,1.283346430435731600e+00,6.374942557472496052e-01,3.091909289360046387e-01,3.919940292835235596e-01,5.961377546191215515e-02,2.870542183518409729e-02,3.378963470458984375e-01,4.206994473934173584e-01,8.831919729709625244e-02,3.803993761539459229e-01,4.305813089013099670e-02,4.234575033187866211e-01,-3.715497223311103880e-05,-1.865027308464050293e+00,-1.226808503270149231e-02,2.054310962557792664e-02,-2.970366971567273140e-03,2.822582842782139778e-03,-1.523845270276069641e-02,2.336569316685199738e-02,6.008890867233276367e-01,0.000000000000000000e+00,6.008890867233276367e-01,3.389762341976165771e-02,0.000000000000000000e+00,3.389762341976165771e-02,0.000000000000000000e+00,0.000000000000000000e+00,0.000000000000000000e+00,0.000000000000000000e+00
1.481250000000000000e+03,3.318657932032684776e-01,1.074456977844238281e+01,6.817401051521301270e-01,8.500167583691542461e-12,4.955451190471649170e-02,1.736204158367116168e+00,7.776594545974510053e-01,3.156259357929229736e-01,4.088156819343566895e-01,1.220174320042133331e-02,2.805510163307189941e-02,3.436810374259948730e-01,4.368707537651062012e-01,4.025684669613838196e-02,3.683216869831085205e-01,4.208265244960784912e-02,4.104043245315551758e-01,-3.973637649323791265e-05,-1.994603276252746582e+00,-2.710158703848719597e-03,5.695389118045568466e-03,-1.360480091534554958e-03,1.370747108012437820e-03,-4.070638678967952728e-03,7.066136226058006287e-03,6.118899583816528320e-01,0.000000000000000000e+00,6.118899583816528320e-01,9.669230319559574127e-03,0.000000000000000000e+00,9.669230319559574127e-03,0.000000000000000000e+00,0.000000000000000000e+00,0.000000000000000000e+00,0.000000000000000000e+00
